Cod;Funcionario;Entidad;Nivel Información ;Frecuencia actualizacion ;TipoDato;Actas de acercamiento y manifestación de interés;Suscripción acuerdo de compromiso;Entrega acuerdo de compromiso;Acuerdo de compromiso;Gestion acceso a los datos y documentos requeridos ; Análisis de información;Cronograma Concertado;Análisis y cronograma (fecha programada);Fecha de entrega de información;Plazo de análisis;Análisis de información;Plazo de cronograma;Análisis y cronograma;Seguimiento a los acuerdos;Estándares (fecha programada);Registro (completo);ET (completo);CO (completo);DD (completo);REC (completo);SERVICIO (completo);Estándares;Resultados de orientación técnica;Verificación del servicio web geográfico;Verificar Aprobar Resultados;Revisar y validar los datos cargados en la base de datos;Aprobación resultados obtenidos en la orientación;Disponer datos temáticos;Fecha de publicación programada;Publicación;Catálogo de recursos geográficos;Plazo de oficio de cierre;Oficios de cierre;Fecha de oficio de cierre;Estado;Observación;Porcentaje Avance;Estado Fechas
2;Daniel Alberto Morales DueÃ±as;Departamento Administrativo de la DefensorÃ­a del Espacio Publico- DADEP;Indicador de Espacio PÃºblico por Localidad;Anual;Actualizar;Si;24/01/2024;31/01/2024;Si;Si;Si;Si;;;;Si;;;Si;;Completo;Completo;Completo;Completo;Completo;Completo;;Si;Si;Si;Si;Si;Si;;;Si;31/03/2025;Si;;;Terminado;;
3;Daniel Alberto Morales DueÃ±as;Departamento Administrativo de la DefensorÃ­a del Espacio Publico- DADEP;Espacio PÃºblico Recuperado;Anual;Actualizar;Si;24/01/2024;24/01/2024;Si;Si;Si;Si;;;;Si;;;Si;;Completo;Completo;Completo;Completo;Completo;Completo;;Si;Si;Si;Si;Si;Si;;;Si;31/03/2025;Si;;;Terminado;;
8;Daniel Alberto Morales DueÃ±as;Departamento Administrativo de la DefensorÃ­a del Espacio Publico- DADEP;MÃ³dulo de Paradero;Semestral;Actualizar;Si;24/01/2024;24/01/2024;Si;Si;Si;Si;;;;Si;;;Si;;Completo;Completo;Completo;Completo;Completo;Completo;;Si;Si;Si;Si;Si;Si;;;Si;31/03/2025;Si;;;Terminado;;
11;Daniel Alberto Morales DueÃ±as;Departamento Administrativo de la DefensorÃ­a del Espacio Publico- DADEP;ConstrucciÃ³n de uso pÃºblico;Anual;Actualizar;Si;24/01/2024;24/01/2024;Si;Si;Si;Si;;;;Si;;;Si;;Completo;Completo;Completo;Completo;Completo;Completo;;Si;Si;Si;Si;Si;Si;;;Si;31/03/2025;Si;;;Terminado;;
12;Daniel Alberto Morales DueÃ±as;Departamento Administrativo de la DefensorÃ­a del Espacio Publico- DADEP;Predio de uso pÃºblico;Anual;Actualizar;Si;24/01/2024;24/01/2024;Si;Si;Si;Si;;;;Si;;;Si;;Completo;Completo;Completo;Completo;Completo;Completo;;Si;Si;Si;Si;Si;Si;;;Si;31/03/2025;Si;;;Terminado;;
13;Daniel Alberto Morales DueÃ±as;Departamento Administrativo de la DefensorÃ­a del Espacio Publico- DADEP;PerÃ­metro de urbanizaciÃ³n;Anual;Actualizar;Si;24/01/2024;24/01/2024;Si;Si;Si;Si;;;;Si;;;Si;;Completo;Completo;Completo;Completo;Completo;Completo;;Si;Si;Si;Si;Si;Si;;;Si;31/03/2025;Si;;;Terminado;;
17;Daniel Alberto Morales DueÃ±as;SecretarÃ­a Distrital de Gobierno;AlcaldÃ­a Local;Anual;Actualizar;Si;15/07/2024;17/07/2024;Si;Si;Si;Si;;;;Si;;;Si;;Completo;Completo;Completo;Completo;Completo;Completo;;Si;Si;Si;Si;Si;Si;;;Si;31/03/2025;Si;;;Terminado;;
18;Daniel Alberto Morales DueÃ±as;SecretarÃ­a Distrital de Gobierno;IntervenciÃ³n;Anual;Actualizar;Si;15/07/2024;17/07/2024;Si;Si;Si;Si;;;;Si;;;Si;;Completo;Completo;Completo;Completo;Completo;Completo;;Si;Si;Si;Si;Si;Si;;;Si;31/03/2025;Si;;;Terminado;;
22;Daniel Alberto Morales DueÃ±as;SecretarÃ­a Distrital de Gobierno;Microempresa Local;Anual;Nuevo;Si;15/07/2024;17/07/2024;Si;Si;Si;Si;;;;Si;;;Si;;Completo;Completo;Completo;Completo;Completo;Completo;;Si;Si;Si;Si;Si;Si;;;Si;31/03/2025;Si;;;Terminado;;
;Daniel Alberto Morales DueÃ±as;SecretarÃ­a Distrital de Gobierno;Ãrea de Mejoramiento de Espacio PÃºblico;Anual;Nuevo;Si;;;;Si;Si;Si;;;;Si;;;Si;;Completo;Completo;Completo;Completo;Completo;Completo;;Si;Si;Si;Si;Si;Si;;;Si;31/03/2025;Si;;;Terminado;;
23;Diana Constanza Carvajal PeÃ±a;Instituto Distrital de ProtecciÃ³n y Bienestar Animal-IDPYBA;Urgencia Veterinaria ;Semestral;Actualizar;Si;31/03/2025;31/03/2025;Si;Si;Si;Si;;;;Si;;;Si;;Completo;Sin iniciar;Sin iniciar;Sin iniciar;Sin iniciar;Sin iniciar;;No;No;No;No;No;No;;;No;;Si;;;;;
24;Diana Constanza Carvajal PeÃ±a;Instituto Distrital de ProtecciÃ³n y Bienestar Animal-IDPYBA;Brigada MÃ©dica ;Semestral;Nuevo;Si;31/03/2025;31/03/2025;Si;Si;Si;Si;;;;Si;;;Si;;Completo;Sin iniciar;Sin iniciar;Sin iniciar;Sin iniciar;Sin iniciar;;No;No;No;No;No;No;;;No;;No;;;;;
25;Diana Constanza Carvajal PeÃ±a;Instituto Distrital de ProtecciÃ³n y Bienestar Animal-IDPYBA;EsterilizaciÃ³n ;Semestral;Nuevo;Si;31/03/2025;31/07/2025;Si;No;No;No;;;;No;;;No;;Sin iniciar;Sin iniciar;Sin iniciar;Sin iniciar;Sin iniciar;Sin iniciar;;No;No;No;No;No;No;;;No;;No;;;;;
26;Diego Harvey MarÃ­n RodrÃ­guez;Caja de la Vivienda Popular - CVP;Reasentamiento humaNo;Semestral;Actualizar;Si;26/06/2024;26/07/2024;Si;Si;Si;Si;;;;Si;;;Si;;Completo;Completo;Completo;Completo;Completo;Completo;;Si;Si;Si;;Si;No;;;No;26/05/2025;No;;;;;
27;Diego Harvey MarÃ­n RodrÃ­guez;Caja de la Vivienda Popular - CVP;TitulaciÃ³n Predial;Semestral;Actualizar;Si;26/06/2024;26/07/2024;Si;Si;Si;Si;;;;Si;;;Si;;Completo;Completo;Completo;Completo;Completo;Completo;;Si;No;Si;;Si;No;;;No;26/05/2025;No;;;;;
28;Diego Harvey MarÃ­n RodrÃ­guez;Caja de la Vivienda Popular - CVP;Mejoramiento de barrios;Semestral;Actualizar;Si;26/06/2024;26/07/2024;Si;Si;Si;Si;;;;Si;;;Si;;Completo;Completo;Completo;Completo;Completo;Completo;;Si;Si;Si;;Si;No;;;No;26/05/2025;No;;;;;
29;Diego Harvey MarÃ­n RodrÃ­guez;Caja de la Vivienda Popular - CVP;Mejoramiento de vivienda - Plan Terrazas;Semestral;Actualizar;Si;26/06/2024;26/07/2024;Si;Si;Si;Si;;;;Si;;;Si;;Completo;Completo;Completo;Completo;Completo;Completo;;Si;Si;Si;;Si;No;;;No;26/05/2025;No;;;;;
;Diego Harvey MarÃ­n RodrÃ­guez;Caja de la Vivienda Popular - CVP;Tramite CuradurÃ­a PÃºblica Social ;Semestral;Actualizar;;;;;Si;Si;Si;;;;Si;;;Si;;Sin iniciar;Completo;Completo;Completo;Completo;Completo;;Si;Si;Si;;Si;No;;;No;26/05/2025;No;;;;;
30;Diana Constanza Carvajal PeÃ±a;Fondo de Prestaciones EconÃ³micas, CensantÃ­as y Pensiones - FONCEP;PenSionados Activos del Fondo de Pensiones PÃºblicas de BogotÃ¡ FONCEP;Semestral;Actualizar;Si;31/07/2024;31/07/2023;Si;Si;Si;Si;;;;Si;;;Si;;Completo;Completo;Completo;Completo;Completo;Completo;;Si;Si;Si;Si;Si;No;;;Si;31/03/2025;Si;;;Terminado;;
31;Diego Harvey MarÃ­n RodrÃ­guez;SecretarÃ­a Distrital de Seguridad, Convivencia y Justicia-SDSCJ;Comando de AtenciÃ³n Inmediata;Semestral;Actualizar;Si;3/07/2024;30/06/2024;Si;Si;Si;Si;;;;Si;;;Si;;Completo;Completo;Completo;Completo;Completo;Completo;;Si;Si;Si;;Si;No;;;No;26/05/2025;No;;;;;
32;Diego Harvey MarÃ­n RodrÃ­guez;SecretarÃ­a Distrital de Seguridad, Convivencia y Justicia-SDSCJ;CÃ¡rcel;Semestral;Actualizar;Si;3/07/2024;30/06/2024;Si;Si;Si;Si;;;;Si;;;Si;;Completo;Completo;Completo;Completo;Completo;Completo;;Si;Si;Si;;Si;No;;;No;26/05/2025;No;;;;;
33;Diego Harvey MarÃ­n RodrÃ­guez;SecretarÃ­a Distrital de Seguridad, Convivencia y Justicia-SDSCJ;Casa de Justicia;Semestral;Actualizar;Si;3/07/2024;30/06/2024;Si;Si;Si;Si;;;;Si;;;Si;;Completo;Completo;Completo;Completo;Completo;Completo;;Si;Si;Si;;Si;No;;;No;26/05/2025;No;;;;;
34;Diego Harvey MarÃ­n RodrÃ­guez;SecretarÃ­a Distrital de Seguridad, Convivencia y Justicia-SDSCJ;Centro de Comando, Control, Comunicaciones y CÃ³mputo de BogotÃ¡ - C4;Semestral;Actualizar;Si;3/07/2024;30/06/2024;Si;Si;Si;Si;;;;Si;;;Si;;Completo;Completo;Completo;Completo;Completo;Completo;;Si;Si;Si;;Si;No;;;No;26/05/2025;No;;;;;
35;Diego Harvey MarÃ­n RodrÃ­guez;SecretarÃ­a Distrital de Seguridad, Convivencia y Justicia-SDSCJ;Centro de Traslado por ProtecciÃ³n;Semestral;Actualizar;Si;3/07/2024;30/06/2024;Si;Si;Si;Si;;;;Si;;;Si;;Completo;Completo;Completo;Completo;Completo;Completo;;Si;Si;Si;;Si;No;;;No;26/05/2025;No;;;;;
36;Diego Harvey MarÃ­n RodrÃ­guez;SecretarÃ­a Distrital de Seguridad, Convivencia y Justicia-SDSCJ;Comando Operativo de Seguridad Ciudadana;Semestral;Actualizar;Si;3/07/2024;30/06/2024;Si;Si;Si;Si;;;;Si;;;Si;;Completo;Completo;Completo;Completo;Completo;Completo;;Si;Si;Si;;Si;No;;;No;26/05/2025;No;;;;;
37;Diego Harvey MarÃ­n RodrÃ­guez;SecretarÃ­a Distrital de Seguridad, Convivencia y Justicia-SDSCJ;Centro de AtenciÃ³n a VÃ­ctimas;Semestral;Actualizar;Si;3/07/2024;30/06/2024;Si;Si;Si;Si;;;;Si;;;Si;;Completo;Completo;Completo;Completo;Completo;Completo;;Si;Si;Si;;Si;No;;;No;26/05/2025;No;;;;;
38;Diego Harvey MarÃ­n RodrÃ­guez;SecretarÃ­a Distrital de Seguridad, Convivencia y Justicia-SDSCJ;Cuadrante de PolicÃ­a;Semestral;Actualizar;Si;3/07/2024;30/06/2024;Si;Si;Si;Si;;;;Si;;;Si;;Completo;Completo;Completo;Completo;Completo;Completo;;Si;Si;Si;;Si;No;;;No;26/05/2025;No;;;;;
39;Diego Harvey MarÃ­n RodrÃ­guez;SecretarÃ­a Distrital de Seguridad, Convivencia y Justicia-SDSCJ;Delito de Alto Impacto;Mensual;Actualizar;Si;3/07/2024;30/06/2024;Si;Si;Si;Si;;;;Si;;;Si;;Completo;Completo;Completo;Completo;Completo;Completo;;Si;Si;Si;;Si;No;;;No;26/05/2025;No;;;;;
40;Diego Harvey MarÃ­n RodrÃ­guez;SecretarÃ­a Distrital de Seguridad, Convivencia y Justicia-SDSCJ;EstaciÃ³n de PolicÃ­a;Semestral;Actualizar;Si;3/07/2024;30/06/2024;Si;Si;Si;Si;;;;Si;;;Si;;Completo;Completo;Completo;Completo;Completo;Completo;;Si;Si;Si;;Si;No;;;No;26/05/2025;No;;;;;
41;Diego Harvey MarÃ­n RodrÃ­guez;SecretarÃ­a Distrital de Seguridad, Convivencia y Justicia-SDSCJ;Incidente Reportado;Mensual;Actualizar;Si;3/07/2024;30/06/2024;Si;Si;Si;Si;;;;Si;;;Si;;Completo;Completo;Completo;Completo;Completo;Completo;;Si;Si;Si;;Si;No;;;No;26/05/2025;No;;;;;
43;Diego Harvey MarÃ­n RodrÃ­guez;SecretarÃ­a Distrital de Seguridad, Convivencia y Justicia-SDSCJ;Medida Correctiva;Mensual;Actualizar;Si;3/07/2024;30/06/2024;Si;Si;Si;Si;;;;Si;;;Si;;Completo;Completo;Completo;Completo;Completo;Completo;;Si;Si;Si;;Si;No;;;No;26/05/2025;No;;;;;
44;Diego Harvey MarÃ­n RodrÃ­guez;SecretarÃ­a Distrital de Seguridad, Convivencia y Justicia-SDSCJ;Sala de AtenciÃ³n al Usuario;Semestral;Actualizar;Si;3/07/2024;30/06/2024;Si;Si;Si;Si;;;;Si;;;Si;;Completo;Completo;Completo;Completo;Completo;Completo;;Si;Si;Si;;Si;No;;;No;26/05/2025;No;;;;;
45;Diego Harvey MarÃ­n RodrÃ­guez;SecretarÃ­a Distrital de Seguridad, Convivencia y Justicia-SDSCJ;Sistema de Responsabilidad Penal para Adolescentes;Semestral;Actualizar;Si;3/07/2024;30/06/2024;Si;Si;Si;Si;;;;Si;;;Si;;Completo;Completo;Completo;Completo;Completo;Completo;;Si;Si;Si;;Si;No;;;No;26/05/2025;No;;;;;
46;Diego Harvey MarÃ­n RodrÃ­guez;SecretarÃ­a Distrital de Seguridad, Convivencia y Justicia-SDSCJ;Unidad de ReacciÃ³n Inmediata;Semestral;Actualizar;Si;3/07/2024;30/06/2024;Si;Si;Si;Si;;;;Si;;;Si;;Completo;Completo;Completo;Completo;Completo;Completo;;Si;Si;Si;;Si;No;;;No;26/05/2025;No;;;;;
47;Luz Carolina Huertas/Martha Vargas;Unidad Administrativa Especial de Catastro Distrital UAECD;Mediana del valor total catastral por manzana;Anual;Nuevo;Si;21/04/2025;30/05/2025;Si;No;No;No;;;;No;;;No;;Sin iniciar;Sin iniciar;Sin iniciar;Sin iniciar;Sin iniciar;Sin iniciar;;No;No;No;No;No;No;;;No;;No;;;;;
48;Luz Carolina Huertas/Martha Vargas;Unidad Administrativa Especial de Catastro Distrital UAECD;Mediana de valor total catastral por grupo econÃ³mico;Anual;Nuevo;Si;21/04/2025;30/05/2025;Si;No;No;No;;;;No;;;No;;Sin iniciar;Sin iniciar;Sin iniciar;Sin iniciar;Sin iniciar;Sin iniciar;;No;No;No;No;No;No;;;No;;No;;;;;
49;Luz Carolina Huertas/Martha Vargas;Unidad Administrativa Especial de Catastro Distrital UAECD;DenSidad de predios (RASTER);Anual;Nuevo;Si;21/04/2025;30/08/2025;Si;No;No;No;;;;No;;;No;;Sin iniciar;Sin iniciar;Sin iniciar;Sin iniciar;Sin iniciar;Sin iniciar;;No;No;No;No;No;No;;;No;;No;;;;;
50;Luz Carolina Huertas/Martha Vargas;Unidad Administrativa Especial de Catastro Distrital UAECD;DenSidad de predios por condiciÃ³n jurÃ­dica (RASTER);Anual;Nuevo;Si;21/04/2025;30/08/2025;Si;No;No;No;;;;No;;;No;;Sin iniciar;Sin iniciar;Sin iniciar;Sin iniciar;Sin iniciar;Sin iniciar;;No;No;No;No;No;No;;;No;;No;;;;;
51;Luz Carolina Huertas;Unidad Administrativa Especial de Catastro Distrital UAECD;Mediana del valor de referencia de terreno por Manzana;Anual;Actualizar;Si;21/04/2025;30/05/2025;Si;No;No;No;;;;No;;;No;;Completo;Sin iniciar;Sin iniciar;Sin iniciar;Sin iniciar;Sin iniciar;;No;No;No;No;No;No;;;No;;No;;;Aparece ultima actualizaciÃ³n 01/05/2024;;
52;Luz Carolina Huertas;Unidad Administrativa Especial de Catastro Distrital UAECD;Mediana del valor integral mÂ² por manzana;Anual;Actualizar;Si;21/04/2025;30/05/2025;Si;No;No;No;;;;No;;;No;;Completo;Sin iniciar;Sin iniciar;Sin iniciar;Sin iniciar;Sin iniciar;;No;No;No;No;No;No;;;No;;No;;;;;
53;Luz Carolina Huertas;Unidad Administrativa Especial de Catastro Distrital UAECD;Mediana del valor integral mÂ² por grupo econÃ³mico;Anual;Actualizar;Si;21/04/2025;30/05/2025;Si;No;No;No;;;;No;;;No;;Completo;Sin iniciar;Sin iniciar;Sin iniciar;Sin iniciar;Sin iniciar;;No;No;No;No;No;No;;;No;;No;;;;;
54;Luz Carolina Huertas;Unidad Administrativa Especial de Catastro Distrital UAECD;Uso catastral predominante por manzana;Anual;Actualizar;Si;21/04/2025;30/07/2025;Si;No;No;No;;;;No;;;No;;Sin iniciar;Sin iniciar;Sin iniciar;Sin iniciar;Sin iniciar;Sin iniciar;;No;No;No;No;No;No;;;No;;No;;;;;
;Luz Carolina Huertas;Unidad Administrativa Especial de Catastro Distrital UAECD;VariaciÃ³n Ã¡rea construida por manzana;Anual;Actualizar;Si;21/04/2025;30/07/2025;;No;No;No;;;;No;;;No;;Sin iniciar;Sin iniciar;Sin iniciar;Sin iniciar;Sin iniciar;Sin iniciar;;No;No;No;No;No;No;;;No;;No;;;;;
;Luz Carolina Huertas;Unidad Administrativa Especial de Catastro Distrital UAECD;NÃºmero de pisos ponderado por manzana ;Anual;Actualizar;Si;21/04/2025;30/08/2025;;No;No;No;;;;No;;;No;;Completo;Sin iniciar;Sin iniciar;Sin iniciar;Sin iniciar;Sin iniciar;;No;No;No;No;No;No;;;No;;No;;;;;
55;Leila Awad CortÃ©s;Jardin BotÃ¡nico de Bogota- JBB;Arbolado UrbaNo;Mensual;Actualizar;Si;15/05/2025;30/06/2025;Si;No;No;No;;;;No;;;No;;Completo;Sin iniciar;Sin iniciar;Sin iniciar;Sin iniciar;Sin iniciar;;No;No;No;No;No;No;;;No;;No;;;;;
56;Leila Awad CortÃ©s;Jardin BotÃ¡nico de Bogota- JBB;JardinerÃ­a en Espacio PÃºblico de Uso PÃºblico;Anual;Actualizar;Si;15/05/2025;6/06/2025;Si;No;No;No;;;;No;;;No;;Completo;Sin iniciar;Sin iniciar;Sin iniciar;Sin iniciar;Sin iniciar;;No;No;No;No;No;No;;;No;;No;;;;;
57;Leila Awad CortÃ©s;Jardin BotÃ¡nico de Bogota- JBB;Ãrbol Patrimonial o de InterÃ©s PÃºblico;Anual;Actualizar;Si;15/05/2025;6/06/2025;Si;No;No;No;;;;No;;;No;;Completo;Sin iniciar;Sin iniciar;Sin iniciar;Sin iniciar;Sin iniciar;;No;No;No;No;No;No;;;No;;No;;;;;
;;Jardin BotÃ¡nico de Bogota- JBB;Huerta de Agricultura Urbana;Anual;Actualizar;Si;15/05/2025;6/06/2025;Si;No;No;No;;;;No;;;No;;Sin iniciar;Sin iniciar;Sin iniciar;Sin iniciar;Sin iniciar;Sin iniciar;;No;No;No;No;No;No;;;No;;No;;;;;
58;Diego Harvey MarÃ­n RodrÃ­guez;SecretarÃ­a Distrital del HÃ¡bitat -SDHT;Proyecto de Vivienda con Oferta Disponible;Anual;Actualizar;Si;22/03/2024;31/07/2024;Si;Si;Si;Si;;;;Si;;;Si;;Completo;Completo;Completo;Completo;Completo;En proceso;;No;No;No;;No;No;;;No;;No;;;;;
59;Diego Harvey MarÃ­n RodrÃ­guez;SecretarÃ­a Distrital del HÃ¡bitat -SDHT;Vivienda Habilitada;Anual;Actualizar;Si;22/03/2024;31/07/2024;Si;Si;Si;Si;;;;Si;;;Si;;En proceso;Completo;Completo;Completo;Completo;En proceso;;No;No;No;;No;No;;;No;;No;;;;;
60;Diego Harvey MarÃ­n RodrÃ­guez;SecretarÃ­a Distrital del HÃ¡bitat -SDHT;Predio Declarado de ConstrucciÃ³n y Desarrollo Prioritario;Anual;Actualizar;Si;22/03/2024;31/07/2024;Si;Si;Si;Si;;;;Si;;;Si;;Completo;Completo;Completo;Completo;Completo;En proceso;;No;No;No;;No;No;;;No;;No;;;;;
61;Diego Harvey MarÃ­n RodrÃ­guez;SecretarÃ­a Distrital del HÃ¡bitat -SDHT;Infraestructura de Acueducto y Alcantarillado Comunitario;Anual;Actualizar;Si;22/03/2024;31/07/2024;Si;Si;Si;Si;;;;Si;;;Si;;Completo;Completo;Completo;Completo;Completo;En proceso;;No;No;No;;No;No;;;No;;No;;;;;
62;Diego Harvey MarÃ­n RodrÃ­guez;SecretarÃ­a Distrital del HÃ¡bitat -SDHT;Ãrea de PrestaciÃ³n de Servicio;Anual;Actualizar;Si;22/03/2024;31/07/2024;Si;Si;Si;Si;;;;Si;;;Si;;En proceso;Completo;Completo;Completo;Completo;En proceso;;No;No;No;;No;No;;;No;;No;;;;;
63;Diego Harvey MarÃ­n RodrÃ­guez;SecretarÃ­a Distrital del HÃ¡bitat -SDHT;Barrio en Proceso de LegalizaciÃ³n;Anual;Actualizar;Si;22/03/2024;31/07/2024;Si;Si;Si;Si;;;;Si;;;Si;;Completo;Completo;Completo;Completo;Completo;En proceso;;No;No;No;;No;No;;;No;;No;;;;;
64;Diego Harvey MarÃ­n RodrÃ­guez;SecretarÃ­a Distrital del HÃ¡bitat -SDHT;Barrio en Proceso de RegularizaciÃ³n;Anual;Actualizar;Si;22/03/2024;31/07/2024;Si;Si;Si;Si;;;;Si;;;Si;;Completo;Completo;Completo;Completo;Completo;En proceso;;No;No;No;;No;No;;;No;;No;;;;;
65;Diego Harvey MarÃ­n RodrÃ­guez;SecretarÃ­a Distrital del HÃ¡bitat -SDHT;Estrategias InNovaciÃ³n Fortalecimiento Social;Anual;Actualizar;Si;22/03/2024;31/07/2024;Si;Si;Si;Si;;;;Si;;;Si;;En proceso;Completo;Completo;Completo;Completo;En proceso;;No;No;No;;No;No;;;No;;No;;;;;
66;Diego Harvey MarÃ­n RodrÃ­guez;SecretarÃ­a Distrital del HÃ¡bitat -SDHT;Macroterritorio;Anual;Actualizar;Si;22/03/2024;31/07/2024;Si;Si;Si;Si;;;;Si;;;Si;;Completo;Completo;Completo;Completo;Completo;En proceso;;No;No;No;;No;No;;;No;;No;;;;;
67;Diego Harvey MarÃ­n RodrÃ­guez;SecretarÃ­a Distrital del HÃ¡bitat -SDHT;Territorio Priorizado de Mejoramiento;Anual;Actualizar;Si;22/03/2024;31/07/2024;Si;Si;Si;Si;;;;Si;;;Si;;Completo;Completo;Completo;Completo;Completo;En proceso;;No;No;No;;No;No;;;No;;No;;;;;
68;Diego Harvey MarÃ­n RodrÃ­guez;SecretarÃ­a Distrital del HÃ¡bitat -SDHT;Mejoramiento Vivienda Habitabilidad;Anual;Actualizar;Si;22/03/2024;31/07/2024;Si;Si;Si;Si;;;;Si;;;Si;;Completo;Completo;Completo;Completo;Completo;En proceso;;No;No;No;;No;No;;;No;;No;;;;;
69;Diego Harvey MarÃ­n RodrÃ­guez;SecretarÃ­a Distrital del HÃ¡bitat -SDHT;IntervenciÃ³n Lineal de Mejoramiento EntorNo;Anual;Actualizar;Si;22/03/2024;31/07/2024;Si;Si;Si;Si;;;;Si;;;Si;;Completo;Sin iniciar;Completo;Completo;Completo;En proceso;;No;No;No;;No;No;;;No;;No;;;;;
;Diego Harvey MarÃ­n RodrÃ­guez;SecretarÃ­a Distrital del HÃ¡bitat -SDHT;IntervenciÃ³n Poliginal de Mejoramiento EntorNo;Anual;Actualizar;Si;22/03/2024;31/07/2024;Si;Si;Si;Si;;;;Si;;;Si;;Completo;Sin iniciar;Completo;Completo;Completo;En proceso;;No;No;No;;No;No;;;No;;No;;;;;
70;Diego Harvey MarÃ­n RodrÃ­guez;SecretarÃ­a Distrital del HÃ¡bitat -SDHT;Territorio de TranSiciÃ³n;Anual;Actualizar;Si;22/03/2024;31/07/2024;Si;Si;Si;Si;;;;Si;;;Si;;Completo;Completo;Completo;Completo;Completo;En proceso;;No;No;No;;No;No;;;No;;No;;;;;
71;Diego Harvey MarÃ­n RodrÃ­guez;SecretarÃ­a Distrital del HÃ¡bitat -SDHT;Hogar Estructurado Plan Terrazas;Anual;Actualizar;Si;22/03/2024;31/07/2024;Si;Si;Si;Si;;;;Si;;;Si;;Completo;Completo;Completo;Completo;Completo;En proceso;;No;No;No;;No;No;;;No;;No;;;;;
72;Diego Harvey MarÃ­n RodrÃ­guez;SecretarÃ­a Distrital del HÃ¡bitat -SDHT;PolÃ­goNo de Monitoreo;Anual;Actualizar;Si;22/03/2024;31/07/2024;Si;Si;Si;Si;;;;Si;;;Si;;Completo;Sin iniciar;Completo;Completo;Completo;En proceso;;No;No;No;;No;No;;;No;;No;;;;;
73;Diego Harvey MarÃ­n RodrÃ­guez;SecretarÃ­a Distrital del HÃ¡bitat -SDHT;OcupaciÃ³n Ilegal;Anual;Actualizar;Si;22/03/2024;31/07/2024;Si;Si;Si;Si;;;;Si;;;Si;;Completo;Sin iniciar;Completo;Completo;Completo;En proceso;;No;No;No;;No;No;;;No;;No;;;;;
74;Diego Harvey MarÃ­n RodrÃ­guez;SecretarÃ­a Distrital del HÃ¡bitat -SDHT;Proyecto de Vivienda con Permiso de EnajenaciÃ³n;Anual;Actualizar;Si;22/03/2024;31/07/2024;Si;Si;Si;Si;;;;Si;;;Si;;Completo;Sin iniciar;Completo;Completo;Completo;En proceso;;No;No;No;;No;No;;;No;;No;;;;;
;Diego Harvey MarÃ­n RodrÃ­guez;SecretarÃ­a Distrital del HÃ¡bitat -SDHT;Proyecto con SubSidio de Vivienda Otorgados;Anual;Actualizar;Si;22/03/2024;31/07/2024;Si;Si;Si;Si;;;;Si;;;Si;;Completo;Sin iniciar;Completo;Completo;Completo;En proceso;;No;No;No;;No;No;;;No;;No;;;;;
;Diego Harvey MarÃ­n RodrÃ­guez;SecretarÃ­a Distrital del HÃ¡bitat -SDHT;Hogar con SubSidio de Vivienda Otorgado;Anual;Actualizar;Si;22/03/2024;31/07/2024;Si;Si;Si;Si;;;;Si;;;Si;;En proceso;Sin iniciar;Completo;Completo;Completo;En proceso;;No;No;No;;No;No;;;No;;No;;;;;
75;Diego Harvey MarÃ­n RodrÃ­guez;SecretarÃ­a Distrital del HÃ¡bitat -SDHT;SubSidio Arriendo TranSitorio;Anual;Actualizar;Si;22/03/2024;31/07/2024;Si;Si;Si;Si;;;;Si;;;Si;;Completo;Sin iniciar;Completo;Completo;Completo;En proceso;;No;No;No;;No;No;;;No;;No;;;;;
76;Diego Harvey MarÃ­n RodrÃ­guez;SecretarÃ­a Distrital del HÃ¡bitat -SDHT;SubSidio Mi Ahorro Mi Hogar;Anual;Actualizar;Si;22/03/2024;31/07/2024;Si;Si;Si;Si;;;;Si;;;Si;;Completo;Sin iniciar;Completo;Completo;Completo;En proceso;;No;No;No;;No;No;;;No;;No;;;;;
77;Diego Harvey MarÃ­n RodrÃ­guez;SecretarÃ­a Distrital del HÃ¡bitat -SDHT;Proyecto de Vivienda Inscrito en Mesa de Soluciones;Anual;Actualizar;Si;22/03/2024;31/07/2024;Si;Si;Si;Si;;;;Si;;;Si;;Completo;Sin iniciar;Completo;Completo;Completo;En proceso;;No;No;No;;No;No;;;No;;No;;;;;
78;Diego Harvey MarÃ­n RodrÃ­guez;SecretarÃ­a Distrital del HÃ¡bitat -SDHT;SubSidio de Vivienda Rural;Anual;Actualizar;Si;22/03/2024;31/07/2024;Si;Si;Si;Si;;;;Si;;;Si;;Completo;Sin iniciar;Completo;Completo;Completo;En proceso;;No;No;No;;No;No;;;No;30/06/2025;No;;;;;
79;Diego Harvey MarÃ­n RodrÃ­guez;SecretarÃ­a Distrital del HÃ¡bitat -SDHT;Macroterritorio Rural;Anual;Actualizar;Si;22/03/2024;31/07/2024;Si;Si;Si;Si;;;;Si;;;Si;;Completo;Completo;Completo;Completo;Completo;En proceso;;No;No;No;;No;No;;;No;30/06/2025;No;;;;;
80;Diego Harvey MarÃ­n RodrÃ­guez;SecretarÃ­a Distrital del HÃ¡bitat -SDHT;Microterritorio Rural;Anual;Actualizar;Si;22/03/2024;31/07/2024;Si;Si;Si;Si;;;;Si;;;Si;;Completo;Completo;Completo;Completo;Completo;En proceso;;No;No;No;;No;No;;;No;30/06/2025;No;;;;;
81;Diego Harvey MarÃ­n RodrÃ­guez;SecretarÃ­a Distrital del HÃ¡bitat -SDHT;Bordes UrbaNos Ecobarrios;Anual;Actualizar;Si;22/03/2024;31/07/2024;Si;Si;Si;Si;;;;Si;;;Si;;En proceso;Sin iniciar;Completo;Completo;Completo;En proceso;;No;No;No;;No;No;;;No;30/06/2025;No;;;;;
82;Diego Harvey MarÃ­n RodrÃ­guez;SecretarÃ­a Distrital del HÃ¡bitat -SDHT;RevitalizaciÃ³n Ãmbitos IntervenciÃ³n;Anual;Actualizar;Si;22/03/2024;31/07/2024;Si;Si;Si;Si;;;;Si;;;Si;;En proceso;Sin iniciar;Completo;Completo;Completo;En proceso;;No;No;No;;No;No;;;No;30/06/2025;No;;;;;
83;Diego Harvey MarÃ­n RodrÃ­guez;SecretarÃ­a Distrital del HÃ¡bitat -SDHT;RevitalizaciÃ³n Proyectos de IntervenciÃ³n;Anual;Actualizar;Si;22/03/2024;31/07/2024;Si;Si;Si;Si;;;;Si;;;Si;;En proceso;Sin iniciar;Completo;Completo;Completo;En proceso;;No;No;No;;No;No;;;No;30/06/2025;No;;;;;
84;Diego Harvey MarÃ­n RodrÃ­guez;SecretarÃ­a Distrital del HÃ¡bitat -SDHT;RecuperaciÃ³n Espacio PÃºblico para el Cuidado Sectores Priorizados;Anual;Actualizar;Si;22/03/2024;31/07/2024;Si;Si;Si;Si;;;;Si;;;Si;;En proceso;Completo;Completo;Completo;Completo;En proceso;;No;No;No;;No;No;;;No;30/06/2025;No;;;;;
85;Diego Harvey MarÃ­n RodrÃ­guez;SecretarÃ­a Distrital del HÃ¡bitat -SDHT;RecuperaciÃ³n Espacio PÃºblico para el Cuidado Intervenciones;Anual;Actualizar;Si;22/03/2024;31/07/2024;Si;Si;Si;Si;;;;Si;;;Si;;Completo;Completo;Completo;Completo;Completo;En proceso;;No;No;No;;No;No;;;No;30/06/2025;No;;;;;
86;Diego Harvey MarÃ­n RodrÃ­guez;SecretarÃ­a Distrital del HÃ¡bitat -SDHT;Acupuntura Urbana Sectores Priorizados;Anual;Actualizar;Si;22/03/2024;31/07/2024;Si;Si;Si;Si;;;;Si;;;Si;;En proceso;Sin iniciar;Completo;Completo;Completo;En proceso;;No;No;No;;No;No;;;No;30/06/2025;No;;;;;
;Diego Harvey MarÃ­n RodrÃ­guez;SecretarÃ­a Distrital del HÃ¡bitat -SDHT;Acupuntura Urbana IntervenSiones;Anual;Actualizar;Si;22/03/2024;31/07/2024;Si;Si;Si;Si;;;;Si;;;Si;;En proceso;Completo;Completo;Completo;Completo;En proceso;;No;No;No;;No;No;;;No;;No;;;;;
87;Diego Harvey MarÃ­n RodrÃ­guez;SecretarÃ­a Distrital del HÃ¡bitat -SDHT;EstaciÃ³n radioelÃ©ctrica;Anual;Nuevo;Si;22/03/2024;30/06/2024;Si;Si;Si;Si;;;;Si;;;Si;;Completo;Completo;Completo;Completo;Completo;En proceso;;No;No;No;;No;No;;;No;;No;;;;;
88;Diego Harvey MarÃ­n RodrÃ­guez;SecretarÃ­a Distrital del HÃ¡bitat -SDHT;IntervenciÃ³n y proteccion a moradores;Anual;Nuevo;Si;22/03/2024;30/06/2024;Si;Si;Si;Si;;;;Si;;;Si;;En proceso;Sin iniciar;Completo;Completo;Sin iniciar;En proceso;;No;No;No;;No;No;;;No;;No;;;;;
89;Diego Harvey MarÃ­n RodrÃ­guez;SecretarÃ­a Distrital del HÃ¡bitat -SDHT;Tejido UrbaNo;Anual;Nuevo;Si;22/03/2024;30/06/2024;Si;Si;Si;Si;;;;Si;;;Si;;Completo;Sin iniciar;Completo;Completo;Completo;En proceso;;No;No;No;;No;No;;;No;;No;;;;;
90;Diego Harvey MarÃ­n RodrÃ­guez;SecretarÃ­a Distrital del HÃ¡bitat -SDHT;Zona de Oportunidad;Anual;Nuevo;Si;22/03/2024;30/06/2024;Si;Si;Si;Si;;;;Si;;;Si;;Completo;Sin iniciar;Completo;Completo;Completo;En proceso;;No;No;No;;No;No;;;No;;No;;;;;
91;Diego Harvey MarÃ­n RodrÃ­guez;SecretarÃ­a Distrital del HÃ¡bitat -SDHT;Ãrea Potencial Disponible;Anual;Nuevo;Si;22/03/2024;30/06/2024;Si;Si;Si;Si;;;;Si;;;Si;;En proceso;Sin iniciar;Completo;Completo;Sin iniciar;Sin iniciar;;No;No;No;;No;No;;;No;;No;;;;;
92;Diego Harvey MarÃ­n RodrÃ­guez;SecretarÃ­a Distrital del HÃ¡bitat -SDHT;Inventario de Suelo Disponible;Anual;Nuevo;Si;22/03/2024;30/06/2024;Si;Si;Si;Si;;;;Si;;;Si;;En proceso;Sin iniciar;Completo;Completo;Sin iniciar;Sin iniciar;;No;No;No;;No;No;;;No;;No;;;;;
93;Diego Harvey MarÃ­n RodrÃ­guez;SecretarÃ­a Distrital de Ambiente SDA;Tramo WQI ;Anual;Actualizar;Si;24/09/2024;4/10/2024;Si;Si;Si;Si;;;;Si;;;Si;;En proceso;Sin iniciar;Completo;Completo;Completo;Completo;;No;Si;No;;No;No;;;No;30/06/2025;No;;;"Tiene registro de Items, Sin embargo esta en valoraciÃ³n los conceptos alli dispuestos; aprobada documentaciÃ³n, falta ET.";;
94;Diego Harvey MarÃ­n RodrÃ­guez;SecretarÃ­a Distrital de Ambiente SDA;Valla Tubular Comercial;Trimestral;Actualizar;Si;24/09/2024;4/10/2024;Si;Si;Si;Si;;;;Si;;;Si;;En proceso;Sin iniciar;Completo;Completo;Completo;Completo;;No;Si;No;;No;No;;;No;30/06/2025;No;;;"Tiene registro de Items, Sin embargo esta en valoraciÃ³n los conceptos alli dispuestos; aprobada documentaciÃ³n, falta ET.";;
95;Diego Harvey MarÃ­n RodrÃ­guez;SecretarÃ­a Distrital de Ambiente SDA;EstaciÃ³n calidad del agua ;Anual;Actualizar;Si;24/09/2024;4/10/2024;Si;Si;Si;Si;;;;Si;;;Si;;En proceso;Sin iniciar;Completo;Completo;Completo;Completo;;No;Si;No;;No;No;;;No;30/06/2025;No;;;"Tiene registro de Items, Sin embargo esta en valoraciÃ³n los conceptos alli dispuestos; aprobada documentaciÃ³n, falta ET.";;
96;Diego Harvey MarÃ­n RodrÃ­guez;SecretarÃ­a Distrital de Ambiente SDA;Negocios verdes ;Trimestral;Actualizar;Si;24/09/2024;4/10/2024;Si;Si;Si;Si;;;;Si;;;Si;;En proceso;Sin iniciar;Completo;Completo;Completo;Completo;;No;Si;No;;No;No;;;No;30/06/2025;No;;;"Tiene registro de Items, Sin embargo esta en valoraciÃ³n los conceptos alli dispuestos; aprobada documentaciÃ³n, falta ET.";;
97;Diego Harvey MarÃ­n RodrÃ­guez;SecretarÃ­a Distrital de Ambiente SDA;Ãrea de OcupaciÃ³n PÃºblico Prioritaria Franja de AdecuaciÃ³n;Anual;Actualizar;Si;24/09/2024;4/10/2024;Si;Si;Si;Si;;;;Si;;;Si;;En proceso;Sin iniciar;Completo;Completo;Completo;Completo;;No;Si;No;;No;No;;;No;30/06/2025;No;;;"Tiene registro de Items, Sin embargo esta en valoraciÃ³n los conceptos alli dispuestos; aprobada documentaciÃ³n, falta ET.";;
98;Diego Harvey MarÃ­n RodrÃ­guez;SecretarÃ­a Distrital de Ambiente SDA;Ãreas Compatibles con MinerÃ­a ;Anual;Actualizar;Si;24/09/2024;11/10/2024;Si;Si;Si;Si;;;;Si;;;Si;;Completo;Sin iniciar;Completo;Completo;Completo;Completo;;No;Si;No;;No;No;;;No;30/06/2025;No;;;"Tiene registro de Items, Sin embargo esta en valoraciÃ³n los conceptos alli dispuestos; aprobada documentaciÃ³n, falta ET.";;
99;Diego Harvey MarÃ­n RodrÃ­guez;SecretarÃ­a Distrital de Ambiente SDA;Franja de adecuaciÃ³n de los cerros orientales;Anual;Actualizar;Si;24/09/2024;11/10/2024;Si;Si;Si;Si;;;;Si;;;Si;;Completo;Sin iniciar;Completo;Completo;Completo;Completo;;No;Si;No;;No;No;;;No;30/06/2025;No;;;"Tiene registro de Items, Sin embargo esta en valoraciÃ³n los conceptos alli dispuestos; aprobada documentaciÃ³n, falta ET.";;
100;Diego Harvey MarÃ­n RodrÃ­guez;SecretarÃ­a Distrital de Ambiente SDA;Medida de ProtecciÃ³n Cerro Suba ; Anual;Actualizar;Si;24/09/2024;11/10/2024;Si;Si;Si;Si;;;;Si;;;Si;;En proceso;Sin iniciar;Completo;Completo;Completo;Completo;;No;Si;No;;No;No;;;No;30/06/2025;No;;;"Tiene registro de Items, Sin embargo esta en valoraciÃ³n los conceptos alli dispuestos; aprobada documentaciÃ³n, falta ET.";;
101;Diego Harvey MarÃ­n RodrÃ­guez;SecretarÃ­a Distrital de Ambiente SDA;PÃ¡ramo Cruz Verde Sumapaz ;Anual;Actualizar;Si;24/09/2024;11/10/2024;Si;Si;Si;Si;;;;Si;;;Si;;En proceso;Sin iniciar;Completo;Completo;Completo;Completo;;No;Si;No;;No;No;;;No;30/06/2025;No;;;"Tiene registro de Items, Sin embargo esta en valoraciÃ³n los conceptos alli dispuestos; aprobada documentaciÃ³n, falta ET.";;
102;Diego Harvey MarÃ­n RodrÃ­guez;SecretarÃ­a Distrital de Ambiente SDA;RFPP Cuenca alta del rÃ­o BogotÃ¡; Anual;Actualizar;Si;24/09/2024;11/10/2024;Si;Si;Si;Si;;;;Si;;;Si;;Completo;Sin iniciar;Completo;Completo;Completo;Completo;;No;Si;No;;No;No;;;No;30/06/2025;No;;;"Tiene registro de Items, Sin embargo esta en valoraciÃ³n los conceptos alli dispuestos; aprobada documentaciÃ³n, falta ET.";;
103;Diego Harvey MarÃ­n RodrÃ­guez;SecretarÃ­a Distrital de Ambiente SDA;ZonificaciÃ³n Reserva Protectora Bosque Oriental de BogotÃ¡;Anual;Actualizar;Si;24/09/2024;18/10/2024;Si;Si;Si;Si;;;;Si;;;Si;;Completo;Sin iniciar;Completo;Completo;Completo;Completo;;No;Si;No;;No;No;;;No;30/06/2025;No;;;"Tiene registro de Items, Sin embargo esta en valoraciÃ³n los conceptos alli dispuestos; aprobada documentaciÃ³n, falta ET.";;
104;Diego Harvey MarÃ­n RodrÃ­guez;SecretarÃ­a Distrital de Ambiente SDA;Zona de Ronda de ProtecciÃ³n del RÃ­o BogotÃ¡;Anual;Actualizar;Si;24/09/2024;18/10/2024;Si;Si;Si;Si;;;;Si;;;Si;;En proceso;Completo;Completo;Completo;Completo;Completo;;No;Si;No;;No;No;;;No;30/06/2025;No;;;"Tiene registro de Items, Sin embargo esta en valoraciÃ³n los conceptos alli dispuestos; aprobada documentaciÃ³n, falta ET.";;
105;Diego Harvey MarÃ­n RodrÃ­guez;SecretarÃ­a Distrital de Ambiente SDA;ZonificaciÃ³n Reserva Thomas Van Der Hammen;Anual;Actualizar;Si;24/09/2024;18/10/2024;Si;Si;Si;Si;;;;Si;;;Si;;En proceso;Sin iniciar;Completo;Completo;Completo;Completo;;No;Si;No;;No;No;;;No;30/06/2025;No;;;"Tiene registro de Items, Sin embargo esta en valoraciÃ³n los conceptos alli dispuestos; aprobada documentaciÃ³n, falta ET.";;
106;Diego Harvey MarÃ­n RodrÃ­guez;SecretarÃ­a Distrital de Ambiente SDA;Ronda HidrÃ¡ulica. BogotÃ¡. D.C. Decreto 190 de 2004 (No vigente desde el 30 de diciembre de 2021);Anual;Actualizar;Si;24/09/2024;25/10/2024;Si;Si;Si;Si;;;;Si;;;Si;;En proceso;Sin iniciar;Completo;Completo;Completo;Completo;;No;Si;No;;No;No;;;No;30/06/2025;No;;;"Tiene registro de Items, Sin embargo esta en valoraciÃ³n los conceptos alli dispuestos; aprobada documentaciÃ³n, falta ET.";;
107;Diego Harvey MarÃ­n RodrÃ­guez;SecretarÃ­a Distrital de Ambiente SDA;Corredor ecolÃ³gico de ronda. BogotÃ¡ D.C. Decreto 190 de 2004 (No vigente desde el 30 de diciembre de 2021);Anual;Actualizar;Si;24/09/2024;25/10/2024;Si;Si;Si;Si;;;;Si;;;Si;;En proceso;Sin iniciar;Completo;Completo;Completo;Completo;;No;Si;No;;No;No;;;No;30/06/2025;No;;;"Tiene registro de Items, Sin embargo esta en valoraciÃ³n los conceptos alli dispuestos; aprobada documentaciÃ³n, falta ET.";;
108;Diego Harvey MarÃ­n RodrÃ­guez;SecretarÃ­a Distrital de Ambiente SDA;Zona de manejo y preservaciÃ³n ambiental. BogotÃ¡ D.C. Decreto 190 de 2004 (No vigente desde el 30 de diciembre de 2021); Anual;Actualizar;Si;24/09/2024;25/10/2024;Si;Si;Si;Si;;;;Si;;;Si;;En proceso;Sin iniciar;Completo;Completo;Completo;Completo;;No;Si;No;;No;No;;;No;30/06/2025;No;;;"Tiene registro de Items, Sin embargo esta en valoraciÃ³n los conceptos alli dispuestos; aprobada documentaciÃ³n, falta ET.";;
109;Diego Harvey MarÃ­n RodrÃ­guez;SecretarÃ­a Distrital de Ambiente SDA;Cobertura Vegetal en Humedales;Anual;Actualizar;;24/09/2024;25/10/2024;Si;Si;Si;Si;;;;Si;;;Si;;En proceso;Sin iniciar;Completo;Completo;Completo;Completo;;No;Si;No;;No;No;;;No;30/06/2025;No;;;"Tiene registro de Items, Sin embargo esta en valoraciÃ³n los conceptos alli dispuestos; aprobada documentaciÃ³n, falta ET.";;
110;Diego Harvey MarÃ­n RodrÃ­guez;SecretarÃ­a Distrital de Ambiente SDA;Medidas de AdaptaciÃ³n al cambio climÃ¡tico; Anual;Actualizar;Si;24/09/2024;25/10/2024;Si;Si;Si;Si;;;;Si;;;Si;;En proceso;Sin iniciar;Completo;Completo;Completo;Completo;;No;Si;No;;No;No;;;No;30/06/2025;No;;;"Tiene registro de Items, Sin embargo esta en valoraciÃ³n los conceptos alli dispuestos; aprobada documentaciÃ³n, falta ET.";;
111;Diego Harvey MarÃ­n RodrÃ­guez;SecretarÃ­a Distrital de Ambiente SDA;BogotÃ¡ Capacidad Adaptativa;Anual;Actualizar;Si;24/09/2024;8/11/2024;Si;Si;Si;Si;;;;Si;;;Si;;En proceso;Sin iniciar;Completo;Completo;Completo;Completo;;No;Si;No;;No;No;;;No;30/06/2025;No;;;"Tiene registro de Items, Sin embargo esta en valoraciÃ³n los conceptos alli dispuestos; aprobada documentaciÃ³n, falta ET.";;
112;Diego Harvey MarÃ­n RodrÃ­guez;SecretarÃ­a Distrital de Ambiente SDA;Conector EcoSistÃ©mico ;Por demanda;Actualizar;Si;24/09/2024;8/11/2024;Si;Si;Si;Si;;;;Si;;;Si;;En proceso;Sin iniciar;Completo;Completo;Completo;Completo;;No;Si;No;;No;No;;;No;30/06/2025;No;;;"Tiene registro de Items, Sin embargo esta en valoraciÃ³n los conceptos alli dispuestos; aprobada documentaciÃ³n, falta ET.";;
113;Diego Harvey MarÃ­n RodrÃ­guez;SecretarÃ­a Distrital de Ambiente SDA;Retamo EspiNoso UrbaNo Rural;Anual;Actualizar;Si;24/09/2024;8/11/2024;Si;Si;Si;Si;;;;Si;;;Si;;En proceso;Sin iniciar;Completo;Completo;Completo;Completo;;No;Si;No;;No;No;;;No;30/06/2025;No;;;"Tiene registro de Items, Sin embargo esta en valoraciÃ³n los conceptos alli dispuestos; aprobada documentaciÃ³n, falta ET.";;
114;Diego Harvey MarÃ­n RodrÃ­guez;SecretarÃ­a Distrital de Ambiente SDA;Programa de Excelencia Ambiental ; Anual;Actualizar;Si;24/09/2024;8/11/2024;Si;Si;Si;Si;;;;Si;;;Si;;En proceso;Sin iniciar;Completo;Completo;Completo;Completo;;No;Si;No;;No;No;;;No;30/06/2025;No;;;"Tiene registro de Items, Sin embargo esta en valoraciÃ³n los conceptos alli dispuestos; aprobada documentaciÃ³n, falta ET.";;
115;Diego Harvey MarÃ­n RodrÃ­guez;SecretarÃ­a Distrital de Ambiente SDA;Aulas Ambientales ;Por demanda;Actualizar;Si;24/09/2024;8/11/2024;Si;Si;Si;Si;;;;Si;;;Si;;En proceso;Sin iniciar;Completo;Completo;Completo;Completo;;No;No;No;;No;No;;;No;30/06/2025;No;;;"Tiene registro de Items, Sin embargo esta en valoraciÃ³n los conceptos alli dispuestos; aprobada documentaciÃ³n, falta ET.";;
116;Diego Harvey MarÃ­n RodrÃ­guez;SecretarÃ­a Distrital de Ambiente SDA;Senderos de InterpretaciÃ³n Ambiental ;Por demanda;Actualizar;Si;24/09/2024;15/11/2024;Si;Si;Si;Si;;;;Si;;;Si;;En proceso;Sin iniciar;Completo;Completo;Completo;Sin iniciar;;No;No;No;;No;No;;;No;30/06/2025;No;;;"Tiene registro de Items, Sin embargo esta en valoraciÃ³n los conceptos alli dispuestos; aprobada documentaciÃ³n, falta ET.";;
117;Diego Harvey MarÃ­n RodrÃ­guez;SecretarÃ­a Distrital de Ambiente SDA;ConcentraciÃ³n de OzoNo Promedio Anual;Anual;Actualizar;Si;24/09/2024;15/11/2024;Si;Si;Si;Si;;;;Si;;;Si;;En proceso;Sin iniciar;Completo;Completo;Completo;Sin iniciar;;No;No;No;;No;No;;;No;30/06/2025;No;;;"Tiene registro de Items, Sin embargo esta en valoraciÃ³n los conceptos alli dispuestos; aprobada documentaciÃ³n, falta ET.";;
118;Diego Harvey MarÃ­n RodrÃ­guez;SecretarÃ­a Distrital de Ambiente SDA;PrecipitaciÃ³n Anual Acumulada ;Anual;Actualizar;Si;24/09/2024;15/11/2024;Si;Si;Si;Si;;;;Si;;;Si;;En proceso;Sin iniciar;Completo;Completo;Completo;Sin iniciar;;No;No;No;;No;No;;;No;30/06/2025;No;;;"Tiene registro de Items, Sin embargo esta en valoraciÃ³n los conceptos alli dispuestos; aprobada documentaciÃ³n, falta ET.";;
119;Diego Harvey MarÃ­n RodrÃ­guez;SecretarÃ­a Distrital de Ambiente SDA;Temperatura Media Superficial;Anual ;Actualizar;Si;24/09/2024;15/11/2024;Si;Si;Si;Si;;;;Si;;;Si;;En proceso;Sin iniciar;Completo;Completo;Completo;Sin iniciar;;No;No;No;;No;No;;;No;30/06/2025;No;;;"Tiene registro de Items, Sin embargo esta en valoraciÃ³n los conceptos alli dispuestos; aprobada documentaciÃ³n, falta ET.";;
120;Diego Harvey MarÃ­n RodrÃ­guez;SecretarÃ­a Distrital de Ambiente SDA;Velocidad del Viento 0-23 h Anual; Anual;Actualizar;Si;24/09/2024;15/11/2024;Si;Si;Si;Si;;;;Si;;;Si;;En proceso;Sin iniciar;Completo;Completo;Completo;Sin iniciar;;No;No;No;;No;No;;;No;30/06/2025;No;;;"Tiene registro de Items, Sin embargo esta en valoraciÃ³n los conceptos alli dispuestos; aprobada documentaciÃ³n, falta ET.";;
121;Diego Harvey MarÃ­n RodrÃ­guez;SecretarÃ­a Distrital de Ambiente SDA;PM2.5 Promedio Anual;Anual;Actualizar;Si;24/09/2024;22/11/2024;Si;Si;Si;Si;;;;Si;;;Si;;En proceso;Sin iniciar;Completo;Completo;Completo;Completo;;No;No;No;;No;No;;;No;30/06/2025;No;;;"Tiene registro de Items, Sin embargo esta en valoraciÃ³n los conceptos alli dispuestos; aprobada documentaciÃ³n, falta ET.";;
122;Diego Harvey MarÃ­n RodrÃ­guez;SecretarÃ­a Distrital de Ambiente SDA;Sistema Distrital de Ãreas Protegidas ;Por demanda;Actualizar;Si;24/09/2024;22/11/2024;Si;Si;Si;Si;;;;Si;;;Si;;En proceso;Completo;Completo;Completo;Completo;Sin iniciar;;No;No;No;;No;No;;;No;30/06/2025;No;;;"Tiene registro de Items, Sin embargo esta en valoraciÃ³n los conceptos alli dispuestos; aprobada documentaciÃ³n, falta ET.";;
123;Diego Harvey MarÃ­n RodrÃ­guez;SecretarÃ­a Distrital de Ambiente SDA;Sistema HÃ­drico. BogotÃ¡ D.C ;Por demanda;Actualizar;Si;24/09/2024;22/11/2024;Si;Si;Si;Si;;;;Si;;;Si;;En proceso;Sin iniciar;Completo;Completo;Completo;Completo;;No;Si;No;;No;No;;;No;30/06/2025;No;;;"Tiene registro de Items, Sin embargo esta en valoraciÃ³n los conceptos alli dispuestos; aprobada documentaciÃ³n, falta ET.";;
124;Diego Harvey MarÃ­n RodrÃ­guez;SecretarÃ­a Distrital de Ambiente SDA;Techos verdes y Jardines Verticales;Por demanda;Actualizar;Si;24/09/2024;22/11/2024;Si;Si;Si;Si;;;;Si;;;Si;;En proceso;Sin iniciar;Completo;Completo;Completo;Sin iniciar;;No;No;No;;No;No;;;No;30/06/2025;No;;;"Tiene registro de Items, Sin embargo esta en valoraciÃ³n los conceptos alli dispuestos; aprobada documentaciÃ³n, falta ET.";;
125;Diego Harvey MarÃ­n RodrÃ­guez;SecretarÃ­a Distrital de Ambiente SDA;SituaciÃ³n Ambiental Conflictiva ;Por demanda;Actualizar;Si;24/09/2024;29/11/2024;Si;Si;Si;Si;;;;Si;;;Si;;En proceso;Sin iniciar;Completo;Completo;Completo;Completo;;No;No;No;;No;No;;;No;30/06/2025;No;;;"Tiene registro de Items, Sin embargo esta en valoraciÃ³n los conceptos alli dispuestos; aprobada documentaciÃ³n, falta ET.";;
126;Diego Harvey MarÃ­n RodrÃ­guez;SecretarÃ­a Distrital de Ambiente SDA;Generador de reSiduos de construcciÃ³n y demoliciÃ³n;Por demanda;Actualizar;Si;24/09/2024;29/11/2024;Si;Si;Si;Si;;;;Si;;;Si;;En proceso;Sin iniciar;Completo;Completo;Completo;Completo;;No;No;No;;No;No;;;No;30/06/2025;No;;;"Tiene registro de Items, Sin embargo esta en valoraciÃ³n los conceptos alli dispuestos; aprobada documentaciÃ³n, falta ET.";;
127;Diego Harvey MarÃ­n RodrÃ­guez;SecretarÃ­a Distrital de Ambiente SDA;Generadores de RESPEL hospitalario;Por demanda;Actualizar;Si;24/09/2024;29/11/2024;Si;Si;Si;Si;;;;Si;;;Si;;En proceso;Sin iniciar;Completo;Completo;Completo;Completo;;No;No;No;;No;No;;;No;30/06/2025;No;;;"Tiene registro de Items, Sin embargo esta en valoraciÃ³n los conceptos alli dispuestos; aprobada documentaciÃ³n, falta ET.";;
128;Diego Harvey MarÃ­n RodrÃ­guez;SecretarÃ­a Distrital de Ambiente SDA;Generador de RESPEL industrial;Por demanda;Actualizar;Si;24/09/2024;29/11/2024;Si;Si;Si;Si;;;;Si;;;Si;;En proceso;Sin iniciar;Completo;Completo;Completo;Completo;;No;No;No;;No;No;;;No;30/06/2025;No;;;"Tiene registro de Items, Sin embargo esta en valoraciÃ³n los conceptos alli dispuestos; aprobada documentaciÃ³n, falta ET.";;
129;Diego Harvey MarÃ­n RodrÃ­guez;SecretarÃ­a Distrital de Ambiente SDA;Gestores de reSiduos de construcciÃ³n y demoliciÃ³n - RCD;Por demanda;Actualizar;Si;24/09/2024;29/11/2024;Si;Si;Si;Si;;;;Si;;;Si;;En proceso;Completo;Completo;Completo;Completo;Completo;;No;Si;No;;No;No;;;No;30/06/2025;No;;;Aprobado documentacion pendiente ET-;;
130;Diego Harvey MarÃ­n RodrÃ­guez;SecretarÃ­a Distrital de Ambiente SDA;Parques de Borde ;Por demanda;Nuevo;Si;24/09/2024;1/11/2024;Si;Si;Si;Si;;;;Si;;;Si;;En proceso;Sin iniciar;Completo;Completo;Completo;Completo;;No;Si;Si;Si;Si;No;;;No;30/06/2025;No;;;Pendiente UrL publicacion documentacion;;
130;Diego Harvey MarÃ­n RodrÃ­guez;SecretarÃ­a Distrital de Ambiente SDA;RPP Thomas Van Der Hammen;Por demanda;Actualizar;Si;;;Si;Si;Si;Si;;;;Si;;;Si;;En proceso;Sin iniciar;Sin iniciar;Sin iniciar;Sin iniciar;Completo;;No;Si;Si;Si;Si;No;;;No;30/06/2025;No;;;Pendiente UrL publicacion documentacion;;
131;Jairo Perdomo Reyes;SecretarÃ­a Distrital de Movilidad SDM;Red SemafÃ³rica ;Por demanda;Actualizar;Si;30/10/2024;28/02/2025;Si;Si;No;No;;;;No;;;No;;Sin iniciar;Sin iniciar;Sin iniciar;Sin iniciar;Sin iniciar;Sin iniciar;;No;No;No;No;No;No;;;No;;No;;;;;
132;Jairo Perdomo Reyes;SecretarÃ­a Distrital de Movilidad SDM;Cicloparqueaderos Certificados BogotÃ¡ D C 28/02/2025;Por demanda;Actualizar;Si;30/10/2024;28/02/2025;Si;Si;No;No;;;;No;;;No;;Sin iniciar;Sin iniciar;Sin iniciar;Sin iniciar;Sin iniciar;Sin iniciar;;No;No;No;No;No;No;;;No;;No;;;;;
133;Diana Constanza Carvajal PeÃ±a;Empresa de Transporte de Tercer Milenio (Transmilenio S.A);Rutas Troncales de Transmilenio;Por demanda;Actualizar;Si;16/05/2025;30/05/2025;Si;No;No;No;;;;No;;;No;;Sin iniciar;Sin iniciar;Sin iniciar;Sin iniciar;Sin iniciar;Sin iniciar;;No;No;No;No;No;No;;;No;;No;;;;;
134;Diana Constanza Carvajal PeÃ±a;Empresa de Transporte de Tercer Milenio (Transmilenio S.A);Trazados Troncales de Transmilenio;Por demanda;Actualizar;Si;16/05/2025;30/05/2025;Si;No;No;No;;;;No;;;No;;Sin iniciar;Sin iniciar;Sin iniciar;Sin iniciar;Sin iniciar;Sin iniciar;;No;No;No;No;No;No;;;No;;No;;;;;
136;Diana Constanza Carvajal PeÃ±a;Empresa de Transporte de Tercer Milenio (Transmilenio S.A);Rutas Zonales del SiTP;Por demanda;Actualizar;Si;16/05/2025;30/05/2025;Si;No;No;No;;;;No;;;No;;Sin iniciar;Sin iniciar;Sin iniciar;Sin iniciar;Sin iniciar;Sin iniciar;;No;No;No;No;No;No;;;No;;No;;;;;
138;Diana Constanza Carvajal PeÃ±a;Empresa de Transporte de Tercer Milenio (Transmilenio S.A);LÃ­neas de Cable;Por demanda;Nuevo;Si;16/05/2025;30/06/2025;Si;No;No;No;;;;No;;;No;;Sin iniciar;Sin iniciar;Sin iniciar;Sin iniciar;Sin iniciar;Sin iniciar;;No;No;No;No;No;No;;;No;;No;;;;;
139;Diana Constanza Carvajal PeÃ±a;Empresa de Transporte de Tercer Milenio (Transmilenio S.A);Estaciones de Cable;Por demanda;Nuevo;Si;16/05/2025;30/06/2025;Si;No;No;No;;;;No;;;No;;Sin iniciar;Sin iniciar;Sin iniciar;Sin iniciar;Sin iniciar;Sin iniciar;;No;No;No;No;No;No;;;No;;No;;;;;
141;Diana Constanza Carvajal PeÃ±a;Empresa de Transporte de Tercer Milenio (Transmilenio S.A);Pilonas Cable;Por demanda;Nuevo;Si;16/05/2025;30/06/2025;Si;No;No;No;;;;No;;;No;;Sin iniciar;Sin iniciar;Sin iniciar;Sin iniciar;Sin iniciar;Sin iniciar;;No;No;No;No;No;No;;;No;;No;;;;;
142;Diana Constanza Carvajal PeÃ±a;Empresa de Transporte de Tercer Milenio (Transmilenio S.A);Nuevas Zonas SiTP;Por demanda;Nuevo;Si;16/05/2025;30/06/2025;Si;No;No;No;;;;No;;;No;;Sin iniciar;Sin iniciar;Sin iniciar;Sin iniciar;Sin iniciar;Sin iniciar;;No;No;No;No;No;No;;;No;;No;;;;;
;Diana Constanza Carvajal PeÃ±a;Secretaría Distrital de la Mujer;Casa de Igualdad de Oportunidades para las Mujeres;Semestral;Actualizar;Si;20/02/2025;8/04/2025;Si;No;No;No;;;;No;;;No;;Completo;Sin iniciar;Sin iniciar;Sin iniciar;Sin iniciar;Sin iniciar;;No;No;No;No;No;No;;;No;30/06/2025;No;;;;;
;Diana Constanza Carvajal PeÃ±a;Secretaría Distrital de la Mujer;Ãrea de acceso peatonal de las manzanas del cuidado;Bimensual;Actualizar;Si;20/02/2025;8/04/2025;Si;No;No;No;;;;No;;;No;;Completo;Sin iniciar;Sin iniciar;Sin iniciar;Sin iniciar;Sin iniciar;;No;No;No;No;No;No;;;No;;No;;;;;
;Diana Constanza Carvajal PeÃ±a;Secretaría Distrital de la Mujer;Ãrea de cobertura de servicios de las manzanas del cuidado;Bimensual;Actualizar;Si;20/02/2025;14/04/2025;Si;No;No;No;;;;No;;;No;;Completo;Sin iniciar;Sin iniciar;Sin iniciar;Sin iniciar;Sin iniciar;;No;No;No;No;No;No;;;No;;No;;;;;
;Diana Constanza Carvajal PeÃ±a;Secretaría Distrital de la Mujer;Equipamientos Ancla de las Manzanas del Cuidado;Bimensual;Actualizar;Si;20/02/2025;14/04/2025;Si;No;No;No;;;;No;;;No;;Completo;Sin iniciar;Sin iniciar;Sin iniciar;Sin iniciar;Sin iniciar;;No;No;No;No;No;No;;;No;;No;;;;;
;Diana Constanza Carvajal PeÃ±a;Secretaría Distrital de la Mujer;Localidades con manzanas del cuidado activas;Bimensual;Actualizar;Si;20/02/2025;14/04/2025;Si;No;No;No;;;;No;;;No;;Completo;Sin iniciar;Sin iniciar;Sin iniciar;Sin iniciar;Sin iniciar;;No;No;No;No;No;No;;;No;;No;;;;;
;Diana Constanza Carvajal PeÃ±a;Secretaría Distrital de la Mujer;Servicios prestados en las manzanas del cuidado;Trimestral;Actualizar;Si;20/02/2025;14/04/2025;Si;No;No;No;;;;No;;;No;;Completo;Sin iniciar;Sin iniciar;Sin iniciar;Sin iniciar;Sin iniciar;;No;No;No;No;No;No;;;No;;No;;;;;
;Diana Constanza Carvajal PeÃ±a;Secretaría Distrital de la Mujer;AseSinatos de Mujeres por localidad;Trimestral;Actualizar;Si;20/02/2025;14/04/2025;Si;No;No;No;;;;No;;;No;;Completo;Sin iniciar;Sin iniciar;Sin iniciar;Sin iniciar;Sin iniciar;;No;No;No;No;No;No;;;No;30/06/2025;No;;;;;
;Diana Constanza Carvajal PeÃ±a;Secretaría Distrital de la Mujer;Delitos Sexuales por localidad;Trimestral;Actualizar;Si;20/02/2025;14/04/2025;Si;No;No;No;;;;No;;;No;;Completo;Sin iniciar;Sin iniciar;Sin iniciar;Sin iniciar;Sin iniciar;;No;No;No;No;No;No;;;No;30/06/2025;No;;;;;
;Diana Constanza Carvajal PeÃ±a;Secretaría Distrital de la Mujer;Violencia intrafamiliar por localidad;Trimestral;Actualizar;Si;20/02/2025;14/04/2025;Si;No;No;No;;;;No;;;No;;Completo;Sin iniciar;Sin iniciar;Sin iniciar;Sin iniciar;Sin iniciar;;No;No;No;No;No;No;;;No;30/06/2025;No;;;;;
;Diana Constanza Carvajal PeÃ±a;Secretaría Distrital de la Mujer;LeSiones personales por localidad;Trimestral;Actualizar;Si;20/02/2025;14/04/2025;Si;No;No;No;;;;No;;;No;;Completo;Sin iniciar;Sin iniciar;Sin iniciar;Sin iniciar;Sin iniciar;;No;No;No;No;No;No;;;No;30/06/2025;No;;;;;
;Diana Constanza Carvajal PeÃ±a;Secretaría Distrital de la Mujer;Riesgo de Feminicidio por localidad;Trimestral;Actualizar;Si;20/02/2025;2/04/2025;Si;No;No;No;;;;No;;;No;;Completo;Sin iniciar;Sin iniciar;Sin iniciar;Sin iniciar;Sin iniciar;;No;No;No;No;No;No;;;No;30/06/2025;No;;;;;
;Diana Constanza Carvajal PeÃ±a;Secretaría Distrital de la Mujer;Atenciones de LÃ­nea Purpura Distrital por localidad;Trimestral;Actualizar;Si;20/02/2025;2/04/2025;Si;No;No;No;;;;No;;;No;;Completo;Sin iniciar;Sin iniciar;Sin iniciar;Sin iniciar;Sin iniciar;;No;No;No;No;No;No;;;No;;No;;;;;
;Diana Constanza Carvajal PeÃ±a;Secretaría Distrital de la Mujer;Orientaciones PSicosociales Casa Todas por Localidad;Trimestral;Actualizar;Si;20/02/2025;2/04/2025;Si;No;No;No;;;;No;;;No;;Completo;Sin iniciar;Sin iniciar;Sin iniciar;Sin iniciar;Sin iniciar;;No;No;No;No;No;No;;;No;;No;;;;;
;Diana Constanza Carvajal PeÃ±a;Secretaría Distrital de la Mujer;Orientaciones Intervenciones Sociales Casa Todas por Localidad;Trimestral;Actualizar;Si;20/02/2025;2/04/2025;Si;No;No;No;;;;No;;;No;;Completo;Sin iniciar;Sin iniciar;Sin iniciar;Sin iniciar;Sin iniciar;;No;No;No;No;No;No;;;No;;No;;;;;
;Diana Constanza Carvajal PeÃ±a;Secretaría Distrital de la Mujer;Orientaciones Socio jurÃ­dicas Casa Todas por Localidad;Trimestral;Actualizar;Si;20/02/2025;2/04/2025;Si;No;No;No;;;;No;;;No;;Completo;Sin iniciar;Sin iniciar;Sin iniciar;Sin iniciar;Sin iniciar;;No;No;No;No;No;No;;;No;;No;;;;;
;Diana Constanza Carvajal PeÃ±a;Secretaría Distrital de la Mujer;Atenciones por intervenciones sociales CIOM por localidad;Trimestral;Actualizar;Si;20/02/2025;2/04/2025;Si;No;No;No;;;;No;;;No;;Completo;Sin iniciar;Sin iniciar;Sin iniciar;Sin iniciar;Sin iniciar;;No;No;No;No;No;No;;;No;;No;;;;;
;Diana Constanza Carvajal PeÃ±a;Secretaría Distrital de la Mujer;Atenciones por intervenciones sociales CIOM por punto de atenciÃ³n;Trimestral;Actualizar;Si;20/02/2025;2/04/2025;Si;No;No;No;;;;No;;;No;;Completo;Sin iniciar;Sin iniciar;Sin iniciar;Sin iniciar;Sin iniciar;;No;No;No;No;No;No;;;No;;No;;;;;
;Diana Constanza Carvajal PeÃ±a;Secretaría Distrital de la Mujer;Orientaciones PSicosociales CIOM por Localidad;Trimestral;Actualizar;Si;20/02/2025;2/04/2025;Si;No;No;No;;;;No;;;No;;Completo;Sin iniciar;Sin iniciar;Sin iniciar;Sin iniciar;Sin iniciar;;No;No;No;No;No;No;;;No;;No;;;;;
;Diana Constanza Carvajal PeÃ±a;Secretaría Distrital de la Mujer;Orientaciones PSicosociales CIOM por Punto AtenciÃ³n;Trimestral;Actualizar;Si;20/02/2025;2/04/2025;Si;No;No;No;;;;No;;;No;;Completo;Sin iniciar;Sin iniciar;Sin iniciar;Sin iniciar;Sin iniciar;;No;No;No;No;No;No;;;No;;No;;;;;
;Diana Constanza Carvajal PeÃ±a;Secretaría Distrital de la Mujer;Orientaciones Socio jurÃ­dicas CIOM por Localidad;Trimestral;Actualizar;Si;20/02/2025;2/04/2025;Si;No;No;No;;;;No;;;No;;Completo;Sin iniciar;Sin iniciar;Sin iniciar;Sin iniciar;Sin iniciar;;No;No;No;No;No;No;;;No;;No;;;;;
;Diana Constanza Carvajal PeÃ±a;Secretaría Distrital de la Mujer;Orientaciones Socio jurÃ­dicas CIOM por Punto AtenciÃ³n;Trimestral;Actualizar;Si;20/02/2025;2/04/2025;Si;No;No;No;;;;No;;;No;;Completo;Sin iniciar;Sin iniciar;Sin iniciar;Sin iniciar;Sin iniciar;;No;No;No;No;No;No;;;No;;No;;;;;
;Diana Constanza Carvajal PeÃ±a;Secretaría Distrital de la Mujer;Atenciones DUPLAS por localidad;Trimestral;Actualizar;Si;20/02/2025;2/04/2025;Si;No;No;No;;;;No;;;No;;Completo;Sin iniciar;Sin iniciar;Sin iniciar;Sin iniciar;Sin iniciar;;No;No;No;No;No;No;;;No;;No;;;;;
;Diana Constanza Carvajal PeÃ±a;Secretaría Distrital de la Mujer;Atenciones de Duplas en transporte pÃºblico por localidad;Trimestral;Actualizar;Si;20/02/2025;2/04/2025;Si;No;No;No;;;;No;;;No;;Completo;Sin iniciar;Sin iniciar;Sin iniciar;Sin iniciar;Sin iniciar;;No;No;No;No;No;No;;;No;;No;;;;;
;Diana Constanza Carvajal PeÃ±a;Secretaría Distrital de la Mujer;Atenciones pSicosociales en otros espacios institucionales por Localidad;Trimestral;Actualizar;Si;20/02/2025;2/04/2025;Si;No;No;No;;;;No;;;No;;Completo;Sin iniciar;Sin iniciar;Sin iniciar;Sin iniciar;Sin iniciar;;No;No;No;No;No;No;;;No;;No;;;;;
;Diana Constanza Carvajal PeÃ±a;Secretaría Distrital de la Mujer;Atenciones socio jurÃ­dicas en otros espacios institucionales por Localidad;Trimestral;Actualizar;Si;20/02/2025;2/04/2025;Si;No;No;No;;;;No;;;No;;Completo;Sin iniciar;Sin iniciar;Sin iniciar;Sin iniciar;Sin iniciar;;No;No;No;No;No;No;;;No;;No;;;;;
;Diana Constanza Carvajal PeÃ±a;Secretaría Distrital de la Mujer;Atenciones socio jurÃ­dicas en hospitales por localidad;Trimestral;Actualizar;Si;20/02/2025;2/04/2025;Si;No;No;No;;;;No;;;No;;Completo;Sin iniciar;Sin iniciar;Sin iniciar;Sin iniciar;Sin iniciar;;No;No;No;No;No;No;;;No;;No;;;;;
;Diana Constanza Carvajal PeÃ±a;Secretaría Distrital de la Mujer;Atenciones pSicosociales en Sistema distrital de cuidado;Trimestral;Actualizar;Si;20/02/2025;2/04/2025;Si;No;No;No;;;;No;;;No;;Completo;Sin iniciar;Sin iniciar;Sin iniciar;Sin iniciar;Sin iniciar;;No;No;No;No;No;No;;;No;;No;;;;;
;Diana Constanza Carvajal PeÃ±a;Secretaría Distrital de la Mujer;Atenciones socio jurÃ­dicas en Sistema distrital de cuidado;Trimestral;Actualizar;Si;20/02/2025;2/04/2025;Si;No;No;No;;;;No;;;No;;Completo;Sin iniciar;Sin iniciar;Sin iniciar;Sin iniciar;Sin iniciar;;No;No;No;No;No;No;;;No;;No;;;;;
;Diana Constanza Carvajal PeÃ±a;Secretaría Distrital de la Mujer;Atenciones del Sistema distrital de cuidado InfoCuidado ;Anual;Nuevo;Si;20/02/2025;2/04/2025;Si;No;No;No;;;;No;;;No;;Completo;Sin iniciar;Sin iniciar;Sin iniciar;Sin iniciar;Sin iniciar;;No;No;No;No;No;No;;;No;30/06/2025;No;;;;;
;Diana Constanza Carvajal PeÃ±a;SecretarÃ­a de EducaciÃ³n del Distrito SED;Reporte del Sistemas de Alertas por localidad;Semestral;Actualizar;Si;19/02/2025;7/03/2025;Si;Si;Si;Si;;;;Si;;;Si;;Completo;Sin iniciar;Sin iniciar;Sin iniciar;Sin iniciar;Completo;;No;Si;No;Si;No;No;;;No;31/05/2025;No;;;;;
;Diana Constanza Carvajal PeÃ±a;SecretarÃ­a de EducaciÃ³n del Distrito SED;Tasa del Sistemas de Alertas por localidad;Semestral;Actualizar;;;;;Si;Si;Si;;;;Si;;;Si;;Completo;Sin iniciar;Sin iniciar;Sin iniciar;Sin iniciar;Completo;;No;Si;No;Si;No;No;;;No;31/05/2025;No;;;;;
;Diana Constanza Carvajal PeÃ±a;SecretarÃ­a de EducaciÃ³n del Distrito SED;TerritorializaciÃ³n de la inverSiÃ³n por localidad;Anual;Actualizar;Si;19/02/2025;7/03/2025;Si;Si;Si;Si;;;;Si;;;Si;;Completo;Sin iniciar;Sin iniciar;Sin iniciar;Sin iniciar;Completo;;No;Si;No;Si;No;No;;;No;31/05/2025;No;;;;;
;Diana Constanza Carvajal PeÃ±a;SecretarÃ­a de EducaciÃ³n del Distrito SED;Beneficiarios de alimentaciÃ³n por localidad;Semestral;Actualizar;Si;19/02/2025;22/04/2025;Si;No;No;No;;;;No;;;No;;Completo;Sin iniciar;Sin iniciar;Sin iniciar;Sin iniciar;Sin iniciar;;No;No;No;No;No;No;;;No;;No;;;;;
;Diana Constanza Carvajal PeÃ±a;SecretarÃ­a de EducaciÃ³n del Distrito SED;Beneficiarios de movilidad por localidad;Semestral;Actualizar;Si;19/02/2025;22/04/2025;Si;No;No;No;;;;No;;;No;;Completo;Sin iniciar;Sin iniciar;Sin iniciar;Sin iniciar;Sin iniciar;;No;No;No;No;No;No;;;No;;No;;;;;
;Diana Constanza Carvajal PeÃ±a;SecretarÃ­a de EducaciÃ³n del Distrito SED;DirecciÃ³n Locales de EducaciÃ³n;Anual;Actualizar;Si;19/02/2025;9/04/2025;Si;No;No;No;;;;No;;;No;;Completo;Sin iniciar;Sin iniciar;Sin iniciar;Sin iniciar;Sin iniciar;;No;No;No;No;No;No;;;No;;No;;;;;
;Diana Constanza Carvajal PeÃ±a;SecretarÃ­a de EducaciÃ³n del Distrito SED;Colegios;Trimestral;Actualizar;Si;19/02/2025;14/03/2025;Si;Si;Si;Si;;;;Si;;;Si;;Completo;Sin iniciar;Sin iniciar;Sin iniciar;Sin iniciar;Completo;;No;Si;No;Si;No;No;;;No;31/05/2025;No;;;;;
;Diana Constanza Carvajal PeÃ±a;SecretarÃ­a de EducaciÃ³n del Distrito SED;Colegios Oficiales nuevos y en restituciÃ³n;Semestral;Actualizar;Si;19/02/2025;23/05/2025;Si;No;No;No;;;;No;;;No;;Completo;Sin iniciar;Sin iniciar;Sin iniciar;Sin iniciar;Sin iniciar;;No;No;No;No;No;No;;;No;;No;;;;;
;Diana Constanza Carvajal PeÃ±a;SecretarÃ­a de EducaciÃ³n del Distrito SED;Pruebas Saber 11;Anual;Actualizar;Si;19/02/2025;17/06/2025;Si;No;No;No;;;;No;;;No;;Completo;Sin iniciar;Sin iniciar;Sin iniciar;Sin iniciar;Sin iniciar;;No;No;No;No;No;No;;;No;;No;;;;;
;Diana Constanza Carvajal PeÃ±a;SecretarÃ­a de EducaciÃ³n del Distrito SED;DenSidad de matriculados en Colegios Oficiales;Anual;Actualizar;Si;19/02/2025;12/08/2025;Si;No;No;No;;;;No;;;No;;Completo;Sin iniciar;Sin iniciar;Sin iniciar;Sin iniciar;Sin iniciar;;No;No;No;No;No;No;;;No;;No;;;;;
;Diana Constanza Carvajal PeÃ±a;SecretarÃ­a de EducaciÃ³n del Distrito SED;Tasa de deserciÃ³n escolar colegio No oficial por localidad;Anual;Actualizar;Si;19/02/2025;22/08/2025;Si;Si;Si;Si;;;;Si;;;Si;;Completo;Sin iniciar;Sin iniciar;Sin iniciar;Sin iniciar;Completo;;No;Si;No;Si;No;No;;;No;31/05/2025;No;;;;;
;Diana Constanza Carvajal PeÃ±a;SecretarÃ­a de EducaciÃ³n del Distrito SED;Tasa de deserciÃ³n escolar colegio oficial por localidad;Anual;Actualizar;Si;19/02/2025;22/08/2025;Si;Si;Si;Si;;;;Si;;;Si;;Completo;Sin iniciar;Sin iniciar;Sin iniciar;Sin iniciar;Completo;;No;Si;No;Si;No;No;;;No;31/05/2025;No;;;;;
;Diana Constanza Carvajal PeÃ±a;SecretarÃ­a de EducaciÃ³n del Distrito SED;Tasa de aprobaciÃ³n escolar colegio  No oficial por localidad;Anual;Actualizar;Si;19/02/2025;9/07/2025;Si;Si;Si;Si;;;;Si;;;Si;;Completo;Sin iniciar;Sin iniciar;Sin iniciar;Sin iniciar;Completo;;No;Si;No;Si;No;No;;;No;31/05/2025;No;;;;;
;Diana Constanza Carvajal PeÃ±a;SecretarÃ­a de EducaciÃ³n del Distrito SED;Tasa de aprobaciÃ³n escolar colegio  oficial por localidad;Anual;Actualizar;Si;19/02/2025;9/07/2025;Si;Si;Si;Si;;;;Si;;;Si;;Completo;Sin iniciar;Sin iniciar;Sin iniciar;Sin iniciar;Completo;;No;Si;No;Si;No;No;;;No;31/05/2025;No;;;;;
;Diana Constanza Carvajal PeÃ±a;SecretarÃ­a de EducaciÃ³n del Distrito SED;Tasa de reprobaciÃ³n escolar colegio  No oficial por localidad;Anual;Actualizar;Si;19/02/2025;22/08/2025;Si;Si;Si;Si;;;;Si;;;Si;;Completo;Sin iniciar;Sin iniciar;Sin iniciar;Sin iniciar;Completo;;No;Si;No;Si;No;No;;;No;31/05/2025;No;;;;;
;Diana Constanza Carvajal PeÃ±a;SecretarÃ­a de EducaciÃ³n del Distrito SED;Tasa de reprobaciÃ³n escolar colegio  oficial por localidad;Anual;Actualizar;Si;19/02/2025;22/08/2025;Si;Si;Si;Si;;;;Si;;;Si;;Completo;Sin iniciar;Sin iniciar;Sin iniciar;Sin iniciar;Completo;;No;Si;No;Si;No;No;;;No;31/05/2025;No;;;;;
;Diana Constanza Carvajal PeÃ±a;SecretarÃ­a de EducaciÃ³n del Distrito SED;MatrÃ­cula Oficial primera infancia;Anual;Actualizar;Si;19/02/2025;8/10/2025;Si;No;No;No;;;;No;;;No;;Completo;Sin iniciar;Sin iniciar;Sin iniciar;Sin iniciar;Sin iniciar;;No;No;No;No;No;No;;;No;;No;;;;;
;Diana Constanza Carvajal PeÃ±a;SecretarÃ­a de EducaciÃ³n del Distrito SED;MatrÃ­cula Oficial jornada Ãºnica;Anual;Actualizar;Si;19/02/2025;8/10/2025;Si;No;No;No;;;;No;;;No;;Completo;Sin iniciar;Sin iniciar;Sin iniciar;Sin iniciar;Sin iniciar;;No;No;No;No;No;No;;;No;;No;;;;;
;Diana Constanza Carvajal PeÃ±a;SecretarÃ­a de EducaciÃ³n del Distrito SED;MatrÃ­cula total en colegios oficiales;Anual;Actualizar;Si;19/02/2025;8/10/2025;Si;No;No;No;;;;No;;;No;;Completo;Sin iniciar;Sin iniciar;Sin iniciar;Sin iniciar;Sin iniciar;;No;No;No;No;No;No;;;No;;No;;;;;
;Diana Constanza Carvajal PeÃ±a;SecretarÃ­a de EducaciÃ³n del Distrito SED;Demanda de cupos sector oficial;Anual;Actualizar;Si;19/02/2025;18/08/2025;Si;No;No;No;;;;No;;;No;;Completo;Sin iniciar;Sin iniciar;Sin iniciar;Sin iniciar;Sin iniciar;;No;No;No;No;No;No;;;No;;No;;;;;
;Diana Constanza Carvajal PeÃ±a;SecretarÃ­a de EducaciÃ³n del Distrito SED;Oferta de cupos sector oficial;Anual;Actualizar;Si;19/02/2025;8/09/2025;Si;No;No;No;;;;No;;;No;;Completo;Sin iniciar;Sin iniciar;Sin iniciar;Sin iniciar;Sin iniciar;;No;No;No;No;No;No;;;No;;No;;;;;
;Diana Constanza Carvajal PeÃ±a;SecretarÃ­a de EducaciÃ³n del Distrito SED;Nivel de formaciÃ³n de docentes por localidad en colegios de clase distrital;Anual;Actualizar;Si;19/02/2025;14/11/2025;Si;No;No;No;;;;No;;;No;;Completo;Sin iniciar;Sin iniciar;Sin iniciar;Sin iniciar;Sin iniciar;;No;No;No;No;No;No;;;No;;No;;;;;
;Diana Constanza Carvajal PeÃ±a;SecretarÃ­a de EducaciÃ³n del Distrito SED;Uso de recursos naturales en colegios oficiales;Semestral;Actualizar;Si;19/02/2025;21/04/2025;Si;No;No;No;;;;No;;;No;;Completo;Sin iniciar;Sin iniciar;Sin iniciar;Sin iniciar;Sin iniciar;;No;No;No;No;No;No;;;No;;No;;;;;
;Diana Constanza Carvajal PeÃ±a;SecretarÃ­a de EducaciÃ³n del Distrito SED;Consumo per cÃ¡pita de recursos naturales en colegios oficiales;Semestral;Actualizar;Si;19/02/2025;21/04/2025;Si;No;No;No;;;;No;;;No;;Completo;Sin iniciar;Sin iniciar;Sin iniciar;Sin iniciar;Sin iniciar;;No;No;No;No;No;No;;;No;;No;;;;;
;Diana Constanza Carvajal PeÃ±a;SecretarÃ­a de EducaciÃ³n del Distrito SED;Tasa de cobertura bruta por localidad y nivel educativo;Anual;Actualizar;Si;19/02/2025;10/11/2025;Si;Si;Si;Si;;;;Si;;;Si;;Completo;Sin iniciar;Sin iniciar;Sin iniciar;Sin iniciar;Completo;;No;Si;No;Si;No;No;;;No;31/05/2025;No;;;;;
;Diana Constanza Carvajal PeÃ±a;Instituto Distrital para la ProtecciÃ³n de la NiÃ±ez y la Juventud IDIPRON;Unidad de ProtecciÃ³n Integral UPI;Anual;Actualizar;Si;19/02/2025;19/03/2025;Si;Si;Si;Si;;;;Si;;;Si;;Completo;En proceso;En proceso;En proceso;En proceso;Completo;;No;Si;No;Si;No;No;;;No;31/05/2025;No;;;;;
